ID,Name,sortId,wanderingEquipId,vagrantItemLotId,vagrantBonusEneDropItemLotId,vagrantItemEneDropItemLotId,fixPrice,basicPrice,sellValue,weight,residentSpEffectId,residentSpEffectId2,residentSpEffectId3,materialSetId,partsDamageRate,corectSARecover,originEquipPro,originEquipPro1,originEquipPro2,originEquipPro3,originEquipPro4,originEquipPro5,originEquipPro6,originEquipPro7,originEquipPro8,originEquipPro9,originEquipPro10,originEquipPro11,originEquipPro12,originEquipPro13,originEquipPro14,originEquipPro15,faceScaleM_ScaleX,faceScaleM_ScaleZ,faceScaleM_MaxX,faceScaleM_MaxZ,faceScaleF_ScaleX,faceScaleF_ScaleZ,faceScaleF_MaxX,faceScaleF_MaxZ,qwcId,equipModelId,iconIdM,iconIdF,knockBackCutRate_vsPlayer_DirectHit,knockBackCutRate_vsEnemy_DirectHit,knockbackBounceRate,durability,durabilityMax,saDurability,defFlickPower,defensePhysics,defenseMagic,defenseFire,defenseThunder,defenseSlash,defenseLightHit,defenseThrust,resistPoison,resistDisease,resistBlood,resistCurse,reinforceTypeId,trophySGradeId,shopLv,knockbackParamId,flickDamageCutRate,equipModelCategory,equipModelGender,protectorCategory,pad02,pad03,partsDmgType,pad04,isDeposit,headEquip,bodyEquip,armEquip,legEquip,useFaceScale,invisibleFlag00,invisibleFlag01,invisibleFlag02,invisibleFlag03,invisibleFlag04,invisibleFlag05,invisibleFlag06,invisibleFlag07,invisibleFlag08,invisibleFlag09,invisibleFlag10,invisibleFlag11,invisibleFlag12,invisibleFlag13,invisibleFlag14,invisibleFlag15,invisibleFlag16,invisibleFlag17,invisibleFlag18,invisibleFlag19,invisibleFlag20,invisibleFlag21,invisibleFlag22,invisibleFlag23,invisibleFlag24,invisibleFlag25,invisibleFlag26,invisibleFlag27,invisibleFlag28,invisibleFlag29,invisibleFlag30,invisibleFlag31,invisibleFlag32,invisibleFlag33,invisibleFlag34,invisibleFlag35,invisibleFlag36,invisibleFlag37,invisibleFlag38,invisibleFlag39,invisibleFlag40,invisibleFlag41,invisibleFlag42,invisibleFlag43,invisibleFlag44,invisibleFlag45,invisibleFlag46,invisibleFlag47,disableMultiDropShare,simpleModelForDlc,isDiscard,isDrop,isNoticeLog,isNoticeDialog,pad,neutralDamageCutRate,slashDamageCutRate,lightHitDamageCutRate,thrustDamageCutRate,magicDamageCutRate,fireDamageCutRate,thunderDamageCutRate,defenseMaterialSfx1,defenseMaterialSfx_Weak1,defenseMaterial1,defenseMaterial_Weak1,defenseMaterialSfx2,defenseMaterialSfx_Weak2,defenseMaterial2,defenseMaterial_Weak2,footEffectDecalBaseId1,toughnessDamageCutRate,toughnessRecoverCorrection,darkDamageCutRate,defenseDark,invisibleFlag48,invisibleFlag49,invisibleFlag50,invisibleFlag51,invisibleFlag52,invisibleFlag53,invisibleFlag54,invisibleFlag55,invisibleFlag56,invisibleFlag57,invisibleFlag58,invisibleFlag59,invisibleFlag60,invisibleFlag61,invisibleFlag62,invisibleFlag63,invisibleFlag64,invisibleFlag65,invisibleFlag66,invisibleFlag67,invisibleFlag68,invisibleFlag69,invisibleFlag70,invisibleFlag71,invisibleFlag72,invisibleFlag73,invisibleFlag74,invisibleFlag75,invisibleFlag76,invisibleFlag77,invisibleFlag78,invisibleFlag79,invisibleFlag80,padbit,pad05,upperArmParamId,saleValue,resistFreeze,invisibleFlag_SexVer00,invisibleFlag_SexVer01,invisibleFlag_SexVer02,invisibleFlag_SexVer03,invisibleFlag_SexVer04,invisibleFlag_SexVer05,invisibleFlag_SexVer06,invisibleFlag_SexVer07,invisibleFlag_SexVer08,invisibleFlag_SexVer09,invisibleFlag_SexVer10,invisibleFlag_SexVer11,invisibleFlag_SexVer12,invisibleFlag_SexVer13,invisibleFlag_SexVer14,invisibleFlag_SexVer15,invisibleFlag_SexVer16,invisibleFlag_SexVer17,invisibleFlag_SexVer18,invisibleFlag_SexVer19,invisibleFlag_SexVer20,invisibleFlag_SexVer21,invisibleFlag_SexVer22,invisibleFlag_SexVer23,invisibleFlag_SexVer24,invisibleFlag_SexVer25,invisibleFlag_SexVer26,invisibleFlag_SexVer27,invisibleFlag_SexVer28,invisibleFlag_SexVer29,invisibleFlag_SexVer30,invisibleFlag_SexVer31,invisibleFlag_SexVer32,invisibleFlag_SexVer33,invisibleFlag_SexVer34,invisibleFlag_SexVer35,invisibleFlag_SexVer36,invisibleFlag_SexVer37,invisibleFlag_SexVer38,invisibleFlag_SexVer39,invisibleFlag_SexVer40,invisibleFlag_SexVer41,invisibleFlag_SexVer42,invisibleFlag_SexVer43,invisibleFlag_SexVer44,invisibleFlag_SexVer45,invisibleFlag_SexVer46,invisibleFlag_SexVer47,invisibleFlag_SexVer48,invisibleFlag_SexVer49,invisibleFlag_SexVer50,invisibleFlag_SexVer51,invisibleFlag_SexVer52,invisibleFlag_SexVer53,invisibleFlag_SexVer54,invisibleFlag_SexVer55,invisibleFlag_SexVer56,invisibleFlag_SexVer57,invisibleFlag_SexVer58,invisibleFlag_SexVer59,invisibleFlag_SexVer60,invisibleFlag_SexVer61,invisibleFlag_SexVer62,invisibleFlag_SexVer63,invisibleFlag_SexVer64,invisibleFlag_SexVer65,invisibleFlag_SexVer66,invisibleFlag_SexVer67,invisibleFlag_SexVer68,invisibleFlag_SexVer69,invisibleFlag_SexVer70,invisibleFlag_SexVer71,invisibleFlag_SexVer72,invisibleFlag_SexVer73,invisibleFlag_SexVer74,invisibleFlag_SexVer75,invisibleFlag_SexVer76,invisibleFlag_SexVer77,invisibleFlag_SexVer78,invisibleFlag_SexVer79,invisibleFlag_SexVer80,invisibleFlag_SexVer81,invisibleFlag_SexVer82,invisibleFlag_SexVer83,invisibleFlag_SexVer84,invisibleFlag_SexVer85,invisibleFlag_SexVer86,invisibleFlag_SexVer87,invisibleFlag_SexVer88,invisibleFlag_SexVer89,invisibleFlag_SexVer90,invisibleFlag_SexVer91,invisibleFlag_SexVer92,invisibleFlag_SexVer93,invisibleFlag_SexVer94,invisibleFlag_SexVer95,pad01,footEffectDecalBaseId2,footEffectDecalBaseId3,slashStaminaDmgRate,lightHitStaminaDmgRate,thrustStaminaDmgRate,neutralStaminaDmgRate,ninsatuStaminaDmgRate,heavyHitStaminaDmgRate,antiGroundStaminaDmgRate,antiAirStaminaDmgRate,lightShootStaminaDmgRate,defenseNeutral,defenseNinsatsu,defenseHeavyHit,defenseAntiGround,defenseAntiAir,defenseLightShoot,ninsatsuDmgRate,heavyHitDmgRate,antiGroundDmgRate,antiAirDmgRate,lightShootDmgRate,firstGetEventFlagId,attriAStaminaDmgRate,attriBStaminaDmgRate,attriCStaminaDmgRate,defenseAttriA,defenseAttriB,defenseAttriC,itemUIDisplayType,pad06,attriADamageCutRate,attriBDamageCutRate,attriCDamageCutRate,
0,Mysterious boushi -- ふしぎなぼうし,0,0,-1,-1,-1,0,0,0,0,-1,-1,-1,-1,1,0,-1,-1,-1,-1,-1,-1,-1,-1,-1,-1,-1,-1,-1,-1,-1,-1,1,1,1,1,1,1,1,1,0,0,0,0,0,0,0,0,0,0,0,0,0,0,0,0,0,0,0,0,0,0,0,0,-1,0,0,0,0,0,0,0,0,[0|0],0,0,0,0,0,0,0,0,0,0,0,0,0,0,0,0,0,0,0,0,0,0,0,0,0,0,0,0,0,0,0,0,0,0,0,0,0,0,0,0,0,0,0,0,0,0,0,0,0,0,0,0,0,0,0,0,0,0,0,0,0,0,0,0,0,0,0,0,0,0,0,0,0,139,139,139,-1,1,0,0,0,0,0,0,0,0,0,0,0,0,0,0,0,0,0,0,0,0,0,0,0,0,0,0,0,0,0,0,0,0,0,0,0,0,0,0,-1,0,0,0,0,0,0,0,0,0,0,0,0,0,0,0,0,0,0,0,0,0,0,0,0,0,0,0,0,0,0,0,0,0,0,0,0,0,0,0,0,0,0,0,0,0,0,0,0,0,0,0,0,0,0,0,0,0,0,0,0,0,0,0,0,0,0,0,0,0,0,0,0,0,0,0,0,0,0,0,0,0,0,0,0,0,0,0,0,0,0,0,0,0,0,0,0,0,0,[0|0],-1,-1,0,0,0,0,0,0,0,0,0,0,0,0,0,0,0,0,0,0,0,0,0,0,0,0,0,0,0,0,0,0,0,0
100000,Protagonist _ head -- 主人公_頭,-1,100000,-1,-1,-1,0,0,100,0,9280,9480,-1,-1,1.1,-0.1,-1,-1,-1,-1,-1,-1,-1,-1,-1,-1,-1,-1,-1,-1,-1,-1,0,0,1,1,0,0,1,1,-1,200,24,24,0,0,0,999,999,0,0,0,0,0,0,0,0,0,0,0,0,0,0,-1,-1,1,0,3,1,0,0,0,0,[0|0],1,1,0,0,0,1,0,0,0,0,0,0,0,0,0,0,0,0,0,0,0,0,0,0,0,0,0,0,0,0,0,0,0,0,0,0,0,0,0,0,0,0,0,0,0,0,0,0,0,0,0,0,0,0,0,0,0,0,0,0,0,1,1,1,1,1,1,1,146,0,113,0,106,139,139,139,-1,1,0,1,0,0,0,0,0,0,0,0,0,0,0,0,0,0,0,0,0,0,0,0,0,0,0,0,0,0,0,0,0,0,0,0,0,0,0,0,-1,-1,0,0,0,0,0,0,0,0,0,0,0,0,0,0,0,0,0,0,0,0,0,0,0,0,0,0,0,0,0,0,0,0,0,0,0,0,0,0,0,0,0,0,0,0,0,0,0,0,0,0,0,0,0,0,0,0,0,0,0,0,0,0,0,0,0,0,0,0,0,0,0,0,0,0,0,0,0,0,0,0,0,0,0,0,0,0,0,0,0,0,0,0,0,0,0,0,0,[0|0],-1,-1,1,1,1,1,1,1,1,1,1,0,0,0,0,0,0,1,1,1,1,1,0,1,1,1,0,0,0,0,0,1,1,1
101000,Protagonist _ torso -- 主人公_胴,-1,101000,-1,-1,-1,0,0,100,0,900300,-1,-1,-1,1,-0.1,-1,-1,-1,-1,-1,-1,-1,-1,-1,-1,-1,-1,-1,-1,-1,-1,0,0,1,1,0,0,1,1,-1,9040,993,993,0,0,0,999,999,0,0,0,0,0,0,0,0,0,0,0,0,0,0,-1,-1,1,0,2,1,1,0,0,0,[0|0],1,0,1,0,0,0,0,0,0,0,0,0,0,0,0,0,0,0,0,0,0,0,0,0,0,0,0,0,0,0,0,0,0,0,0,0,0,0,0,0,0,0,0,0,0,0,0,0,0,0,0,0,0,0,0,0,0,0,0,0,0,1,1,1,1,1,1,1,146,0,113,0,106,139,139,139,-1,1,0,1,0,0,0,0,0,0,0,0,0,0,0,0,0,0,0,0,0,0,0,0,0,0,0,0,0,0,0,0,0,0,0,0,0,0,0,0,-1,-1,0,0,0,0,0,0,0,0,0,0,0,0,0,0,0,0,0,0,0,0,0,0,0,0,0,0,0,0,0,0,0,0,0,0,0,0,0,0,0,0,0,0,0,0,0,0,0,0,0,0,0,0,0,0,0,0,0,0,0,0,0,0,0,0,0,0,0,0,0,0,0,0,0,0,0,0,0,0,0,0,0,0,0,0,0,0,0,0,0,0,0,0,0,0,0,0,0,[0|0],-1,-1,1,1,1,1,1,1,1,1,1,0,0,0,0,0,0,1,1,1,1,1,0,1,1,1,0,0,0,0,0,1,1,1
102000,Protagonist_arm_prosthesis -- 主人公_腕_義手,-1,102000,-1,-1,-1,0,0,100,0,5221,5222,5223,-1,1.1,-0.1,-1,-1,-1,-1,-1,-1,-1,-1,-1,-1,-1,-1,-1,-1,-1,-1,0,0,1,1,0,0,1,1,-1,9000,26,26,0,0,0,999,999,0,0,0,0,0,0,0,0,0,0,0,0,0,0,-1,-1,1,0,1,1,2,0,0,0,[0|0],1,0,0,1,0,0,0,0,0,0,0,0,0,0,0,0,0,0,0,0,0,0,0,0,0,0,0,0,0,0,0,0,0,0,0,0,0,0,0,0,0,0,0,0,0,0,0,0,0,0,0,0,0,0,0,0,0,0,0,0,0,1,1,1,1,1,1,1,146,0,113,0,106,139,139,139,-1,1,0,1,0,0,0,0,0,0,0,0,0,0,0,0,0,0,0,0,0,0,0,0,0,0,0,0,0,0,0,0,0,0,0,0,0,0,0,0,-1,-1,0,0,0,0,0,0,0,0,0,0,0,0,0,0,0,0,0,0,0,0,0,0,0,0,0,0,0,0,0,0,0,0,0,0,0,0,0,0,0,0,0,0,0,0,0,0,0,0,0,0,0,0,0,0,0,0,0,0,0,0,0,0,0,0,0,0,0,0,0,0,0,0,0,0,0,0,0,0,0,0,0,0,0,0,0,0,0,0,0,0,0,0,0,0,0,0,0,[0|0],-1,-1,1,1,1,1,1,1,1,1,1,0,0,0,0,0,0,1,1,1,1,1,0,1,1,1,0,0,0,0,0,1,1,1
103000,Protagonist _ legs -- 主人公_脚,-1,103000,-1,-1,-1,0,0,100,0,-1,-1,-1,-1,1.1,-0.1,-1,-1,-1,-1,-1,-1,-1,-1,-1,-1,-1,-1,-1,-1,-1,-1,0,0,1,1,0,0,1,1,-1,9000,750,27,0,0,0,999,999,0,0,0,0,0,0,0,0,0,0,0,0,0,0,-1,-1,1,0,6,1,3,0,0,0,[0|0],1,0,0,0,1,0,0,0,0,0,0,0,0,0,0,0,0,0,0,0,0,0,0,0,0,0,0,0,0,0,0,0,0,0,0,0,0,0,0,0,0,0,0,0,0,0,0,0,0,0,0,0,0,0,0,0,0,0,0,0,0,1,1,1,1,1,1,1,146,0,113,0,106,139,139,139,201,1,0,1,0,0,0,0,0,0,0,0,0,0,0,0,0,0,0,0,0,0,0,0,0,0,0,0,0,0,0,0,0,0,0,0,0,0,0,0,-1,-1,0,0,0,0,0,0,0,0,0,0,0,0,0,0,0,0,0,0,0,0,0,0,0,0,0,0,0,0,0,0,0,0,0,0,0,0,0,0,0,0,0,0,0,0,0,0,0,0,0,0,0,0,0,0,0,0,0,0,0,0,0,0,0,0,0,0,0,0,0,0,0,0,0,0,0,0,0,0,0,0,0,0,0,0,0,0,0,0,0,0,0,0,0,0,0,0,0,[0|0],-1,-1,1,1,1,1,1,1,1,1,1,0,0,0,0,0,0,1,1,1,1,1,0,1,1,1,0,0,0,0,0,1,1,1
112000,Protagonist _ arm _ raw -- 主人公_腕_生身,-1,112000,-1,-1,-1,0,0,100,0,5221,5222,5223,-1,1.1,-0.1,-1,-1,-1,-1,-1,-1,-1,-1,-1,-1,-1,-1,-1,-1,-1,-1,0,0,1,1,0,0,1,1,-1,9010,26,26,0,0,0,999,999,0,0,0,0,0,0,0,0,0,0,0,0,0,0,-1,-1,1,0,1,1,2,0,0,0,[0|0],1,0,0,1,0,0,0,0,0,0,0,0,0,0,0,0,0,0,0,0,0,0,0,0,0,0,0,0,0,0,0,0,0,0,0,0,0,0,0,0,0,0,0,0,0,0,0,0,0,0,0,0,0,0,0,0,0,0,0,0,0,1,1,1,1,1,1,1,146,0,113,0,106,139,139,139,-1,1,0,1,0,0,0,0,0,0,0,0,0,0,0,0,0,0,0,0,0,0,0,0,0,0,0,0,0,0,0,0,0,0,0,0,0,0,0,0,-1,-1,0,0,0,0,0,0,0,0,0,0,0,0,0,0,0,0,0,0,0,0,0,0,0,0,0,0,0,0,0,0,0,0,0,0,0,0,0,0,0,0,0,0,0,0,0,0,0,0,0,0,0,0,0,0,0,0,0,0,0,0,0,0,0,0,0,0,0,0,0,0,0,0,0,0,0,0,0,0,0,0,0,0,0,0,0,0,0,0,0,0,0,0,0,0,0,0,0,[0|0],-1,-1,1,1,1,1,1,1,1,1,1,0,0,0,0,0,0,1,1,1,1,1,0,1,1,1,0,0,0,0,0,1,1,1
122000,Protagonist_arm_deficiency -- 主人公_腕_欠損,-1,122000,-1,-1,-1,0,0,100,0,5221,5222,5223,-1,1.1,-0.1,-1,-1,-1,-1,-1,-1,-1,-1,-1,-1,-1,-1,-1,-1,-1,-1,0,0,1,1,0,0,1,1,-1,9020,26,26,0,0,0,999,999,0,0,0,0,0,0,0,0,0,0,0,0,0,0,-1,-1,1,0,1,1,2,0,0,0,[0|0],1,0,0,1,0,0,0,0,0,0,0,0,0,0,0,0,0,0,0,0,0,0,0,0,0,0,0,0,0,0,0,0,0,0,0,0,0,0,0,0,0,0,0,0,0,0,0,0,0,0,0,0,0,0,0,0,0,0,0,0,0,1,1,1,1,1,1,1,146,0,113,0,106,139,139,139,-1,1,0,1,0,0,0,0,0,0,0,0,0,0,0,0,0,0,0,0,0,0,0,0,0,0,0,0,0,0,0,0,0,0,0,0,0,0,0,0,-1,-1,0,0,0,0,0,0,0,0,0,0,0,0,0,0,0,0,0,0,0,0,0,0,0,0,0,0,0,0,0,0,0,0,0,0,0,0,0,0,0,0,0,0,0,0,0,0,0,0,0,0,0,0,0,0,0,0,0,0,0,0,0,0,0,0,0,0,0,0,0,0,0,0,0,0,0,0,0,0,0,0,0,0,0,0,0,0,0,0,0,0,0,0,0,0,0,0,0,[0|0],-1,-1,1,1,1,1,1,1,1,1,1,0,0,0,0,0,0,1,1,1,1,1,0,1,1,1,0,0,0,0,0,1,1,1
131000,Protagonist _ body _ with sword without immortality -- 主人公_胴_刀あり不死斬りなし,-1,131000,-1,-1,-1,0,0,100,0,900300,-1,-1,-1,1,-0.1,-1,-1,-1,-1,-1,-1,-1,-1,-1,-1,-1,-1,-1,-1,-1,-1,0,0,1,1,0,0,1,1,-1,9000,25,25,0,0,0,999,999,0,0,0,0,0,0,0,0,0,0,0,0,0,0,-1,-1,1,0,2,1,1,0,0,0,[0|0],1,0,1,0,0,0,0,0,0,0,0,0,0,0,0,0,0,0,0,0,0,0,0,0,0,0,0,0,0,0,0,0,0,0,0,0,0,0,0,0,0,0,0,0,0,0,0,0,0,0,0,0,0,0,0,0,0,0,0,0,0,1,1,1,1,1,1,1,146,0,113,0,106,139,139,139,-1,1,0,1,0,0,0,0,0,0,0,0,0,0,0,0,0,0,0,0,0,0,0,0,0,0,0,0,0,0,0,0,0,0,0,0,0,0,0,0,-1,-1,0,0,0,0,0,0,0,0,0,0,0,0,0,0,0,0,0,0,0,0,0,0,0,0,0,0,0,0,0,0,0,0,0,0,0,0,0,0,0,0,0,0,0,0,0,0,0,0,0,0,0,0,0,0,0,0,0,0,0,0,0,0,0,0,0,0,0,0,0,0,0,0,0,0,0,0,0,0,0,0,0,0,0,0,0,0,0,0,0,0,0,0,0,0,0,0,0,[0|0],-1,-1,1,1,1,1,1,1,1,1,1,0,0,0,0,0,0,1,1,1,1,1,0,1,1,1,0,0,0,0,0,1,1,1
141000,Protagonist _ body _ no sword no immortal sword -- 主人公_胴_刀なし不死斬りなし,-1,141000,-1,-1,-1,0,0,100,0,900300,-1,-1,-1,1,-0.1,-1,-1,-1,-1,-1,-1,-1,-1,-1,-1,-1,-1,-1,-1,-1,-1,0,0,1,1,0,0,1,1,-1,9030,25,25,0,0,0,999,999,0,0,0,0,0,0,0,0,0,0,0,0,0,0,-1,-1,1,0,2,1,1,0,0,0,[0|0],1,0,1,0,0,0,0,0,0,0,0,0,0,0,0,0,0,0,0,0,0,0,0,0,0,0,0,0,0,0,0,0,0,0,0,0,0,0,0,0,0,0,0,0,0,0,0,0,0,0,0,0,0,0,0,0,0,0,0,0,0,1,1,1,1,1,1,1,146,0,113,0,106,139,139,139,-1,1,0,1,0,0,0,0,0,0,0,0,0,0,0,0,0,0,0,0,0,0,0,0,0,0,0,0,0,0,0,0,0,0,0,0,0,0,0,0,-1,-1,0,0,0,0,0,0,0,0,0,0,0,0,0,0,0,0,0,0,0,0,0,0,0,0,0,0,0,0,0,0,0,0,0,0,0,0,0,0,0,0,0,0,0,0,0,0,0,0,0,0,0,0,0,0,0,0,0,0,0,0,0,0,0,0,0,0,0,0,0,0,0,0,0,0,0,0,0,0,0,0,0,0,0,0,0,0,0,0,0,0,0,0,0,0,0,0,0,[0|0],-1,-1,1,1,1,1,1,1,1,1,1,0,0,0,0,0,0,1,1,1,1,1,0,1,1,1,0,0,0,0,0,1,1,1
153000,Protagonist _ legs _ barefoot -- 主人公_脚_裸足,-1,153000,-1,-1,-1,0,0,100,0,-1,-1,-1,-1,1.1,-0.1,-1,-1,-1,-1,-1,-1,-1,-1,-1,-1,-1,-1,-1,-1,-1,-1,0,0,1,1,0,0,1,1,-1,9050,27,27,0,0,0,999,999,0,0,0,0,0,0,0,0,0,0,0,0,0,0,-1,-1,1,0,6,1,3,0,0,0,[0|0],1,0,0,0,1,0,0,0,0,0,0,0,0,0,0,0,0,0,0,0,0,0,0,0,0,0,0,0,0,0,0,0,0,0,0,0,0,0,0,0,0,0,0,0,0,0,0,0,0,0,0,0,0,0,0,0,0,0,0,0,0,1,1,1,1,1,1,1,146,0,113,0,106,139,139,139,201,1,0,1,0,0,0,0,0,0,0,0,0,0,0,0,0,0,0,0,0,0,0,0,0,0,0,0,0,0,0,0,0,0,0,0,0,0,0,0,-1,-1,0,0,0,0,0,0,0,0,0,0,0,0,0,0,0,0,0,0,0,0,0,0,0,0,0,0,0,0,0,0,0,0,0,0,0,0,0,0,0,0,0,0,0,0,0,0,0,0,0,0,0,0,0,0,0,0,0,0,0,0,0,0,0,0,0,0,0,0,0,0,0,0,0,0,0,0,0,0,0,0,0,0,0,0,0,0,0,0,0,0,0,0,0,0,0,0,0,[0|0],-1,-1,1,1,1,1,1,1,1,1,1,0,0,0,0,0,0,1,1,1,1,1,0,1,1,1,0,0,0,0,0,1,1,1
162000,Protagonist_arm_prosthesis_high resolution -- 主人公_腕_義手_高解像度,-1,162000,-1,-1,-1,0,0,100,0,5221,5222,5223,-1,1.1,-0.1,-1,-1,-1,-1,-1,-1,-1,-1,-1,-1,-1,-1,-1,-1,-1,-1,0,0,1,1,0,0,1,1,-1,9200,26,26,0,0,0,999,999,0,0,0,0,0,0,0,0,0,0,0,0,0,0,-1,-1,1,0,1,1,2,0,0,0,[0|0],1,0,0,1,0,0,0,0,0,0,0,0,0,0,0,0,0,0,0,0,0,0,0,0,0,0,0,0,0,0,0,0,0,0,0,0,0,0,0,0,0,0,0,0,0,0,0,0,0,0,0,0,0,0,0,0,0,0,0,0,0,1,1,1,1,1,1,1,146,0,113,0,106,139,139,139,-1,1,0,1,0,0,0,0,0,0,0,0,0,0,0,0,0,0,0,0,0,0,0,0,0,0,0,0,0,0,0,0,0,0,0,0,0,0,0,0,-1,-1,0,0,0,0,0,0,0,0,0,0,0,0,0,0,0,0,0,0,0,0,0,0,0,0,0,0,0,0,0,0,0,0,0,0,0,0,0,0,0,0,0,0,0,0,0,0,0,0,0,0,0,0,0,0,0,0,0,0,0,0,0,0,0,0,0,0,0,0,0,0,0,0,0,0,0,0,0,0,0,0,0,0,0,0,0,0,0,0,0,0,0,0,0,0,0,0,0,[0|0],-1,-1,1,1,1,1,1,1,1,1,1,0,0,0,0,0,0,1,1,1,1,1,0,1,1,1,0,0,0,0,0,1,1,1
200000,Protagonist_head_Busshi -- 主人公_頭_仏師,-1,200000,-1,-1,-1,0,0,100,0,9280,9480,-1,-1,1.1,-0.1,-1,-1,-1,-1,-1,-1,-1,-1,-1,-1,-1,-1,-1,-1,-1,-1,0,0,1,1,0,0,1,1,-1,210,24,24,0,0,0,999,999,0,0,0,0,0,0,0,0,0,0,0,0,0,0,-1,-1,1,0,3,1,0,0,0,0,[0|0],1,1,0,0,0,1,0,0,0,0,0,0,0,0,0,0,0,0,0,0,0,0,0,0,0,0,0,0,0,0,0,0,0,0,0,0,0,0,0,0,0,0,0,0,0,0,0,0,0,0,0,0,0,0,0,0,0,0,0,0,0,1,1,1,1,1,1,1,146,0,113,0,106,139,139,139,-1,1,0,1,0,0,0,0,0,0,0,0,0,0,0,0,0,0,0,0,0,0,0,0,0,0,0,0,0,0,0,0,0,0,0,0,0,0,0,0,-1,-1,0,0,0,0,0,0,0,0,0,0,0,0,0,0,0,0,0,0,0,0,0,0,0,0,0,0,0,0,0,0,0,0,0,0,0,0,0,0,0,0,0,0,0,0,0,0,0,0,0,0,0,0,0,0,0,0,0,0,0,0,0,0,0,0,0,0,0,0,0,0,0,0,0,0,0,0,0,0,0,0,0,0,0,0,0,0,0,0,0,0,0,0,0,0,0,0,0,[0|0],-1,-1,1,1,1,1,1,1,1,1,1,0,0,0,0,0,0,1,1,1,1,1,0,1,1,1,0,0,0,0,0,1,1,1
201000,Protagonist _ body _ Buddhist teacher -- 主人公_胴_仏師,-1,201000,-1,-1,-1,0,0,100,0,900300,-1,-1,-1,1,-0.1,-1,-1,-1,-1,-1,-1,-1,-1,-1,-1,-1,-1,-1,-1,-1,-1,0,0,1,1,0,0,1,1,-1,9100,25,25,0,0,0,999,999,0,0,0,0,0,0,0,0,0,0,0,0,0,0,-1,-1,1,0,2,1,1,0,0,0,[0|0],1,0,1,0,0,0,0,0,0,0,0,0,0,0,0,0,0,0,0,0,0,0,0,0,0,0,0,0,0,0,0,0,0,0,0,0,0,0,0,0,0,0,0,0,0,0,0,0,0,0,0,0,0,0,0,0,0,0,0,0,0,1,1,1,1,1,1,1,146,0,113,0,106,139,139,139,-1,1,0,1,0,0,0,0,0,0,0,0,0,0,0,0,0,0,0,0,0,0,0,0,0,0,0,0,0,0,0,0,0,0,0,0,0,0,0,0,-1,-1,0,0,0,0,0,0,0,0,0,0,0,0,0,0,0,0,0,0,0,0,0,0,0,0,0,0,0,0,0,0,0,0,0,0,0,0,0,0,0,0,0,0,0,0,0,0,0,0,0,0,0,0,0,0,0,0,0,0,0,0,0,0,0,0,0,0,0,0,0,0,0,0,0,0,0,0,0,0,0,0,0,0,0,0,0,0,0,0,0,0,0,0,0,0,0,0,0,[0|0],-1,-1,1,1,1,1,1,1,1,1,1,0,0,0,0,0,0,1,1,1,1,1,0,1,1,1,0,0,0,0,0,1,1,1
202000,Protagonist_arm_Busshi -- 主人公_腕_仏師,-1,202000,-1,-1,-1,0,0,100,0,5221,5222,5223,-1,1.1,-0.1,-1,-1,-1,-1,-1,-1,-1,-1,-1,-1,-1,-1,-1,-1,-1,-1,0,0,1,1,0,0,1,1,-1,9100,26,26,0,0,0,999,999,0,0,0,0,0,0,0,0,0,0,0,0,0,0,-1,-1,1,0,1,1,2,0,0,0,[0|0],1,0,0,1,0,0,0,0,0,0,0,0,0,0,0,0,0,0,0,0,0,0,0,0,0,0,0,0,0,0,0,0,0,0,0,0,0,0,0,0,0,0,0,0,0,0,0,0,0,0,0,0,0,0,0,0,0,0,0,0,0,1,1,1,1,1,1,1,146,0,113,0,106,139,139,139,-1,1,0,1,0,0,0,0,0,0,0,0,0,0,0,0,0,0,0,0,0,0,0,0,0,0,0,0,0,0,0,0,0,0,0,0,0,0,0,0,-1,-1,0,0,0,0,0,0,0,0,0,0,0,0,0,0,0,0,0,0,0,0,0,0,0,0,0,0,0,0,0,0,0,0,0,0,0,0,0,0,0,0,0,0,0,0,0,0,0,0,0,0,0,0,0,0,0,0,0,0,0,0,0,0,0,0,0,0,0,0,0,0,0,0,0,0,0,0,0,0,0,0,0,0,0,0,0,0,0,0,0,0,0,0,0,0,0,0,0,[0|0],-1,-1,1,1,1,1,1,1,1,1,1,0,0,0,0,0,0,1,1,1,1,1,0,1,1,1,0,0,0,0,0,1,1,1
203000,Protagonist_Legs_Busshi -- 主人公_脚_仏師,-1,203000,-1,-1,-1,0,0,100,0,-1,-1,-1,-1,1.1,-0.1,-1,-1,-1,-1,-1,-1,-1,-1,-1,-1,-1,-1,-1,-1,-1,-1,0,0,1,1,0,0,1,1,-1,9100,27,27,0,0,0,999,999,0,0,0,0,0,0,0,0,0,0,0,0,0,0,-1,-1,1,0,6,1,3,0,0,0,[0|0],1,0,0,0,1,0,0,0,0,0,0,0,0,0,0,0,0,0,0,0,0,0,0,0,0,0,0,0,0,0,0,0,0,0,0,0,0,0,0,0,0,0,0,0,0,0,0,0,0,0,0,0,0,0,0,0,0,0,0,0,0,1,1,1,1,1,1,1,146,0,113,0,106,139,139,139,201,1,0,1,0,0,0,0,0,0,0,0,0,0,0,0,0,0,0,0,0,0,0,0,0,0,0,0,0,0,0,0,0,0,0,0,0,0,0,0,-1,-1,0,0,0,0,0,0,0,0,0,0,0,0,0,0,0,0,0,0,0,0,0,0,0,0,0,0,0,0,0,0,0,0,0,0,0,0,0,0,0,0,0,0,0,0,0,0,0,0,0,0,0,0,0,0,0,0,0,0,0,0,0,0,0,0,0,0,0,0,0,0,0,0,0,0,0,0,0,0,0,0,0,0,0,0,0,0,0,0,0,0,0,0,0,0,0,0,0,[0|0],-1,-1,1,1,1,1,1,1,1,1,1,0,0,0,0,0,0,1,1,1,1,1,0,1,1,1,0,0,0,0,0,1,1,1
300000,Protagonist _head_shura -- 主人公_頭_修羅,-1,300000,-1,-1,-1,0,0,100,0,9280,9480,-1,-1,1.1,-0.1,-1,-1,-1,-1,-1,-1,-1,-1,-1,-1,-1,-1,-1,-1,-1,-1,0,0,1,1,0,0,1,1,-1,240,24,24,0,0,0,999,999,0,0,0,0,0,0,0,0,0,0,0,0,0,0,-1,-1,1,0,3,1,0,0,0,0,[0|0],1,1,0,0,0,1,0,0,0,0,0,0,0,0,0,0,0,0,0,0,0,0,0,0,0,0,0,0,0,0,0,0,0,0,0,0,0,0,0,0,0,0,0,0,0,0,0,0,0,0,0,0,0,0,0,0,0,0,0,0,0,1,1,1,1,1,1,1,146,0,113,0,106,139,139,139,-1,1,0,1,0,0,0,0,0,0,0,0,0,0,0,0,0,0,0,0,0,0,0,0,0,0,0,0,0,0,0,0,0,0,0,0,0,0,0,0,-1,-1,0,0,0,0,0,0,0,0,0,0,0,0,0,0,0,0,0,0,0,0,0,0,0,0,0,0,0,0,0,0,0,0,0,0,0,0,0,0,0,0,0,0,0,0,0,0,0,0,0,0,0,0,0,0,0,0,0,0,0,0,0,0,0,0,0,0,0,0,0,0,0,0,0,0,0,0,0,0,0,0,0,0,0,0,0,0,0,0,0,0,0,0,0,0,0,0,0,[0|0],-1,-1,1,1,1,1,1,1,1,1,1,0,0,0,0,0,0,1,1,1,1,1,0,1,1,1,0,0,0,0,0,1,1,1
301000,Protagonist _ torso _ shura _ immortal slash -- 主人公_胴_修羅_不死斬りあり,-1,301000,-1,-1,-1,0,0,100,0,900300,118600,-1,-1,1,-0.1,-1,-1,-1,-1,-1,-1,-1,-1,-1,-1,-1,-1,-1,-1,-1,-1,0,0,1,1,0,0,1,1,-1,9110,990,990,0,0,0,999,999,0,0,0,0,0,0,0,0,0,0,0,0,0,0,-1,-1,1,0,2,1,1,0,0,0,[0|0],1,0,1,0,0,0,0,0,0,0,0,0,0,0,0,0,0,0,0,0,0,0,0,0,0,0,0,0,0,0,0,0,0,0,0,0,0,0,0,0,0,0,0,0,0,0,0,0,0,0,0,0,0,0,0,0,0,0,0,0,0,1,1,1,1,1,1,1,146,0,113,0,106,139,139,139,-1,1,0,1,0,0,0,0,0,0,0,0,0,0,0,0,0,0,0,0,0,0,0,0,0,0,0,0,0,0,0,0,0,0,0,0,0,0,0,0,-1,-1,0,0,0,0,0,0,0,0,0,0,0,0,0,0,0,0,0,0,0,0,0,0,0,0,0,0,0,0,0,0,0,0,0,0,0,0,0,0,0,0,0,0,0,0,0,0,0,0,0,0,0,0,0,0,0,0,0,0,0,0,0,0,0,0,0,0,0,0,0,0,0,0,0,0,0,0,0,0,0,0,0,0,0,0,0,0,0,0,0,0,0,0,0,0,0,0,0,[0|0],-1,-1,1,1,1,1,1,1,1,1,1,0,0,0,0,0,0,1,1,1,1,1,0,1,1,1,0,0,0,0,0,1,1,1
331000,Protagonist _ torso _ shura _ no immortal slash -- 主人公_胴_修羅_不死斬りなし,-1,331000,-1,-1,-1,0,0,100,0,900300,118600,-1,-1,1,-0.1,-1,-1,-1,-1,-1,-1,-1,-1,-1,-1,-1,-1,-1,-1,-1,-1,0,0,1,1,0,0,1,1,-1,9110,990,990,0,0,0,999,999,0,0,0,0,0,0,0,0,0,0,0,0,0,0,-1,-1,1,0,2,1,1,0,0,0,[0|0],1,0,1,0,0,0,0,0,0,0,0,0,0,0,0,0,0,0,0,0,0,0,0,0,0,0,0,0,0,0,0,0,0,0,0,0,0,0,0,0,0,0,0,0,0,0,0,0,0,0,0,0,0,0,0,0,0,0,0,0,0,1,1,1,1,1,1,1,146,0,113,0,106,139,139,139,-1,1,0,1,0,0,0,0,0,0,0,0,0,0,0,0,0,0,0,0,0,0,0,0,0,0,0,0,0,0,0,0,0,0,0,0,0,0,0,0,-1,-1,0,0,0,0,0,0,0,0,0,0,0,0,0,0,0,0,0,0,0,0,0,0,0,0,0,0,0,0,0,0,0,0,0,0,0,0,0,0,0,0,0,0,0,0,0,0,0,0,0,0,0,0,0,0,0,0,0,0,0,0,0,0,0,0,0,0,0,0,0,0,0,0,0,0,0,0,0,0,0,0,0,0,0,0,0,0,0,0,0,0,0,0,0,0,0,0,0,[0|0],-1,-1,1,1,1,1,1,1,1,1,1,0,0,0,0,0,0,1,1,1,1,1,0,1,1,1,0,0,0,0,0,1,1,1
302000,Protagonist _arm_prosthetic hand_shura -- 主人公_腕_義手_修羅,-1,302000,-1,-1,-1,0,0,100,0,5221,5222,5223,-1,1.1,-0.1,-1,-1,-1,-1,-1,-1,-1,-1,-1,-1,-1,-1,-1,-1,-1,-1,0,0,1,1,0,0,1,1,-1,9110,26,26,0,0,0,999,999,0,0,0,0,0,0,0,0,0,0,0,0,0,0,-1,-1,1,0,1,1,2,0,0,0,[0|0],1,0,0,1,0,0,0,0,0,0,0,0,0,0,0,0,0,0,0,0,0,0,0,0,0,0,0,0,0,0,0,0,0,0,0,0,0,0,0,0,0,0,0,0,0,0,0,0,0,0,0,0,0,0,0,0,0,0,0,0,0,1,1,1,1,1,1,1,146,0,113,0,106,139,139,139,-1,1,0,1,0,0,0,0,0,0,0,0,0,0,0,0,0,0,0,0,0,0,0,0,0,0,0,0,0,0,0,0,0,0,0,0,0,0,0,0,-1,-1,0,0,0,0,0,0,0,0,0,0,0,0,0,0,0,0,0,0,0,0,0,0,0,0,0,0,0,0,0,0,0,0,0,0,0,0,0,0,0,0,0,0,0,0,0,0,0,0,0,0,0,0,0,0,0,0,0,0,0,0,0,0,0,0,0,0,0,0,0,0,0,0,0,0,0,0,0,0,0,0,0,0,0,0,0,0,0,0,0,0,0,0,0,0,0,0,0,[0|0],-1,-1,1,1,1,1,1,1,1,1,1,0,0,0,0,0,0,1,1,1,1,1,0,1,1,1,0,0,0,0,0,1,1,1
303000,Protagonist_Legs_Shura -- 主人公_脚_修羅,-1,303000,-1,-1,-1,0,0,100,0,-1,-1,-1,-1,1.1,-0.1,-1,-1,-1,-1,-1,-1,-1,-1,-1,-1,-1,-1,-1,-1,-1,-1,0,0,1,1,0,0,1,1,-1,9110,756,27,0,0,0,999,999,0,0,0,0,0,0,0,0,0,0,0,0,0,0,-1,-1,1,0,6,1,3,0,0,0,[0|0],1,0,0,0,1,0,0,0,0,0,0,0,0,0,0,0,0,0,0,0,0,0,0,0,0,0,0,0,0,0,0,0,0,0,0,0,0,0,0,0,0,0,0,0,0,0,0,0,0,0,0,0,0,0,0,0,0,0,0,0,0,1,1,1,1,1,1,1,146,0,113,0,106,139,139,139,201,1,0,1,0,0,0,0,0,0,0,0,0,0,0,0,0,0,0,0,0,0,0,0,0,0,0,0,0,0,0,0,0,0,0,0,0,0,0,0,-1,-1,0,0,0,0,0,0,0,0,0,0,0,0,0,0,0,0,0,0,0,0,0,0,0,0,0,0,0,0,0,0,0,0,0,0,0,0,0,0,0,0,0,0,0,0,0,0,0,0,0,0,0,0,0,0,0,0,0,0,0,0,0,0,0,0,0,0,0,0,0,0,0,0,0,0,0,0,0,0,0,0,0,0,0,0,0,0,0,0,0,0,0,0,0,0,0,0,0,[0|0],-1,-1,1,1,1,1,1,1,1,1,1,0,0,0,0,0,0,1,1,1,1,1,0,1,1,1,0,0,0,0,0,1,1,1
304000,Protagonist _ Hair _ Shura -- 主人公_髪_修羅,-1,304000,-1,-1,-1,0,0,100,0,-1,-1,-1,-1,1.1,-0.1,-1,-1,-1,-1,-1,-1,-1,-1,-1,-1,-1,-1,-1,-1,-1,-1,0,0,1,1,0,0,1,1,-1,9110,24,24,0,0,0,999,999,0,0,0,0,0,0,0,0,0,0,0,0,0,0,-1,-1,1,0,5,1,0,0,0,0,[0|0],1,1,0,0,0,0,0,0,0,0,0,0,0,0,0,0,0,0,0,0,0,0,0,0,0,0,0,0,0,0,0,0,0,0,0,0,0,0,0,0,0,0,0,0,0,0,0,0,0,0,0,0,0,0,0,0,0,0,0,0,0,1,1,1,1,1,1,1,146,0,115,0,106,139,139,139,-1,1,0,1,0,0,0,0,0,0,0,0,0,0,0,0,0,0,0,0,0,0,0,0,0,0,0,0,0,0,0,0,0,0,0,0,0,0,0,0,-1,-1,0,0,0,0,0,0,0,0,0,0,0,0,0,0,0,0,0,0,0,0,0,0,0,0,0,0,0,0,0,0,0,0,0,0,0,0,0,0,0,0,0,0,0,0,0,0,0,0,0,0,0,0,0,0,0,0,0,0,0,0,0,0,0,0,0,0,0,0,0,0,0,0,0,0,0,0,0,0,0,0,0,0,0,0,0,0,0,0,0,0,0,0,0,0,0,0,0,[0|0],-1,-1,1,1,1,1,1,1,1,1,1,0,0,0,0,0,0,1,1,1,1,1,0,1,1,1,0,0,0,0,0,1,1,1
400000,Protagonist _ Head _ Ashina Ninja -- 主人公_頭_葦名忍者,-1,400000,-1,-1,-1,0,0,100,0,9280,9480,-1,-1,1.1,-0.1,-1,-1,-1,-1,-1,-1,-1,-1,-1,-1,-1,-1,-1,-1,-1,-1,0,0,1,1,0,0,1,1,-1,220,24,24,0,0,0,999,999,0,0,0,0,0,0,0,0,0,0,0,0,0,0,-1,-1,1,0,3,1,0,0,0,0,[0|0],1,1,0,0,0,1,0,0,0,0,0,0,0,0,0,0,0,0,0,0,0,0,0,0,0,0,0,0,0,0,0,0,0,0,0,0,0,0,0,0,0,0,0,0,0,0,0,0,0,0,0,0,0,0,0,0,0,0,0,0,0,1,1,1,1,1,1,1,146,0,113,0,106,139,139,139,-1,1,0,1,0,0,0,0,0,0,0,0,0,0,0,0,0,0,0,0,0,0,0,0,0,0,0,0,0,0,0,0,0,0,0,0,0,0,0,0,-1,-1,0,0,0,0,0,0,0,0,0,0,0,0,0,0,0,0,0,0,0,0,0,0,0,0,0,0,0,0,0,0,0,0,0,0,0,0,0,0,0,0,0,0,0,0,0,0,0,0,0,0,0,0,0,0,0,0,0,0,0,0,0,0,0,0,0,0,0,0,0,0,0,0,0,0,0,0,0,0,0,0,0,0,0,0,0,0,0,0,0,0,0,0,0,0,0,0,0,[0|0],-1,-1,1,1,1,1,1,1,1,1,1,0,0,0,0,0,0,1,1,1,1,1,0,1,1,1,0,0,0,0,0,1,1,1
401000,Protagonist _ torso _ reed name ninja _ immortal slash -- 主人公_胴_葦名忍者_不死斬りあり,-1,401000,-1,-1,-1,0,0,100,0,900300,-1,-1,-1,1,-0.1,-1,-1,-1,-1,-1,-1,-1,-1,-1,-1,-1,-1,-1,-1,-1,-1,0,0,1,1,0,0,1,1,-1,9120,991,991,0,0,0,999,999,0,0,0,0,0,0,0,0,0,0,0,0,0,0,-1,-1,1,0,2,1,1,0,0,0,[0|0],1,0,1,0,0,0,0,0,0,0,0,0,0,0,0,0,0,0,0,0,0,0,0,0,0,0,0,0,0,0,0,0,0,0,0,0,0,0,0,0,0,0,0,0,0,0,0,0,0,0,0,0,0,0,0,0,0,0,0,0,0,1,1,1,1,1,1,1,146,0,113,0,106,139,139,139,-1,1,0,1,0,0,0,0,0,0,0,0,0,0,0,0,0,0,0,0,0,0,0,0,0,0,0,0,0,0,0,0,0,0,0,0,0,0,0,0,-1,-1,0,0,0,0,0,0,0,0,0,0,0,0,0,0,0,0,0,0,0,0,0,0,0,0,0,0,0,0,0,0,0,0,0,0,0,0,0,0,0,0,0,0,0,0,0,0,0,0,0,0,0,0,0,0,0,0,0,0,0,0,0,0,0,0,0,0,0,0,0,0,0,0,0,0,0,0,0,0,0,0,0,0,0,0,0,0,0,0,0,0,0,0,0,0,0,0,0,[0|0],-1,-1,1,1,1,1,1,1,1,1,1,0,0,0,0,0,0,1,1,1,1,1,0,1,1,1,0,0,0,0,0,1,1,1
431000,Protagonist _ torso _ reed name ninja _ no immortal slash -- 主人公_胴_葦名忍者_不死斬りなし,-1,431000,-1,-1,-1,0,0,100,0,900300,-1,-1,-1,1,-0.1,-1,-1,-1,-1,-1,-1,-1,-1,-1,-1,-1,-1,-1,-1,-1,-1,0,0,1,1,0,0,1,1,-1,9120,991,991,0,0,0,999,999,0,0,0,0,0,0,0,0,0,0,0,0,0,0,-1,-1,1,0,2,1,1,0,0,0,[0|0],1,0,1,0,0,0,0,0,0,0,0,0,0,0,0,0,0,0,0,0,0,0,0,0,0,0,0,0,0,0,0,0,0,0,0,0,0,0,0,0,0,0,0,0,0,0,0,0,0,0,0,0,0,0,0,0,0,0,0,0,0,1,1,1,1,1,1,1,146,0,113,0,106,139,139,139,-1,1,0,1,0,0,0,0,0,0,0,0,0,0,0,0,0,0,0,0,0,0,0,0,0,0,0,0,0,0,0,0,0,0,0,0,0,0,0,0,-1,-1,0,0,0,0,0,0,0,0,0,0,0,0,0,0,0,0,0,0,0,0,0,0,0,0,0,0,0,0,0,0,0,0,0,0,0,0,0,0,0,0,0,0,0,0,0,0,0,0,0,0,0,0,0,0,0,0,0,0,0,0,0,0,0,0,0,0,0,0,0,0,0,0,0,0,0,0,0,0,0,0,0,0,0,0,0,0,0,0,0,0,0,0,0,0,0,0,0,[0|0],-1,-1,1,1,1,1,1,1,1,1,1,0,0,0,0,0,0,1,1,1,1,1,0,1,1,1,0,0,0,0,0,1,1,1
402000,Protagonist _ Arm _ Prosthetic Hand _ Ashina Ninja -- 主人公_腕_義手_葦名忍者,-1,402000,-1,-1,-1,0,0,100,0,5221,5222,5223,-1,1.1,-0.1,-1,-1,-1,-1,-1,-1,-1,-1,-1,-1,-1,-1,-1,-1,-1,-1,0,0,1,1,0,0,1,1,-1,9120,26,26,0,0,0,999,999,0,0,0,0,0,0,0,0,0,0,0,0,0,0,-1,-1,1,0,1,1,2,0,0,0,[0|0],1,0,0,1,0,0,0,0,0,0,0,0,0,0,0,0,0,0,0,0,0,0,0,0,0,0,0,0,0,0,0,0,0,0,0,0,0,0,0,0,0,0,0,0,0,0,0,0,0,0,0,0,0,0,0,0,0,0,0,0,0,1,1,1,1,1,1,1,146,0,113,0,106,139,139,139,-1,1,0,1,0,0,0,0,0,0,0,0,0,0,0,0,0,0,0,0,0,0,0,0,0,0,0,0,0,0,0,0,0,0,0,0,0,0,0,0,-1,-1,0,0,0,0,0,0,0,0,0,0,0,0,0,0,0,0,0,0,0,0,0,0,0,0,0,0,0,0,0,0,0,0,0,0,0,0,0,0,0,0,0,0,0,0,0,0,0,0,0,0,0,0,0,0,0,0,0,0,0,0,0,0,0,0,0,0,0,0,0,0,0,0,0,0,0,0,0,0,0,0,0,0,0,0,0,0,0,0,0,0,0,0,0,0,0,0,0,[0|0],-1,-1,1,1,1,1,1,1,1,1,1,0,0,0,0,0,0,1,1,1,1,1,0,1,1,1,0,0,0,0,0,1,1,1
403000,Protagonist _ Legs _ Ashina Ninja -- 主人公_脚_葦名忍者,-1,403000,-1,-1,-1,0,0,100,0,-1,-1,-1,-1,1.1,-0.1,-1,-1,-1,-1,-1,-1,-1,-1,-1,-1,-1,-1,-1,-1,-1,-1,0,0,1,1,0,0,1,1,-1,9120,754,27,0,0,0,999,999,0,0,0,0,0,0,0,0,0,0,0,0,0,0,-1,-1,1,0,6,1,3,0,0,0,[0|0],1,0,0,0,1,0,0,0,0,0,0,0,0,0,0,0,0,0,0,0,0,0,0,0,0,0,0,0,0,0,0,0,0,0,0,0,0,0,0,0,0,0,0,0,0,0,0,0,0,0,0,0,0,0,0,0,0,0,0,0,0,1,1,1,1,1,1,1,146,0,113,0,106,139,139,139,201,1,0,1,0,0,0,0,0,0,0,0,0,0,0,0,0,0,0,0,0,0,0,0,0,0,0,0,0,0,0,0,0,0,0,0,0,0,0,0,-1,-1,0,0,0,0,0,0,0,0,0,0,0,0,0,0,0,0,0,0,0,0,0,0,0,0,0,0,0,0,0,0,0,0,0,0,0,0,0,0,0,0,0,0,0,0,0,0,0,0,0,0,0,0,0,0,0,0,0,0,0,0,0,0,0,0,0,0,0,0,0,0,0,0,0,0,0,0,0,0,0,0,0,0,0,0,0,0,0,0,0,0,0,0,0,0,0,0,0,[0|0],-1,-1,1,1,1,1,1,1,1,1,1,0,0,0,0,0,0,1,1,1,1,1,0,1,1,1,0,0,0,0,0,1,1,1
500000,Protagonist _ head _ tengu -- 主人公_頭_天狗,-1,500000,-1,-1,-1,0,0,100,0,9280,9480,-1,-1,1.1,-0.1,-1,-1,-1,-1,-1,-1,-1,-1,-1,-1,-1,-1,-1,-1,-1,-1,0,0,1,1,0,0,1,1,-1,230,24,24,0,0,0,999,999,0,0,0,0,0,0,0,0,0,0,0,0,0,0,-1,-1,1,0,3,1,0,0,0,0,[0|0],1,1,0,0,0,1,0,0,0,0,0,0,0,0,0,0,0,0,0,0,0,0,0,0,0,0,0,0,0,0,0,0,0,0,0,0,0,0,0,0,0,0,0,0,0,0,0,0,0,0,0,0,0,0,0,0,0,0,0,0,0,1,1,1,1,1,1,1,146,0,113,0,106,139,139,139,-1,1,0,1,0,0,0,0,0,0,0,0,0,0,0,0,0,0,0,0,0,0,0,0,0,0,0,0,0,0,0,0,0,0,0,0,0,0,0,0,-1,-1,0,0,0,0,0,0,0,0,0,0,0,0,0,0,0,0,0,0,0,0,0,0,0,0,0,0,0,0,0,0,0,0,0,0,0,0,0,0,0,0,0,0,0,0,0,0,0,0,0,0,0,0,0,0,0,0,0,0,0,0,0,0,0,0,0,0,0,0,0,0,0,0,0,0,0,0,0,0,0,0,0,0,0,0,0,0,0,0,0,0,0,0,0,0,0,0,0,[0|0],-1,-1,1,1,1,1,1,1,1,1,1,0,0,0,0,0,0,1,1,1,1,1,0,1,1,1,0,0,0,0,0,1,1,1
501000,Protagonist _ torso _ tengu _ immortal slash -- 主人公_胴_天狗_不死斬りあり,-1,501000,-1,-1,-1,0,0,100,0,900300,-1,-1,-1,1,-0.1,-1,-1,-1,-1,-1,-1,-1,-1,-1,-1,-1,-1,-1,-1,-1,-1,0,0,1,1,0,0,1,1,-1,9130,992,992,0,0,0,999,999,0,0,0,0,0,0,0,0,0,0,0,0,0,0,-1,-1,1,0,2,1,1,0,0,0,[0|0],1,0,1,0,0,0,0,0,0,0,0,0,0,0,0,0,0,0,0,0,0,0,0,0,0,0,0,0,0,0,0,0,0,0,0,0,0,0,0,0,0,0,0,0,0,0,0,0,0,0,0,0,0,0,0,0,0,0,0,0,0,1,1,1,1,1,1,1,146,0,113,0,106,139,139,139,-1,1,0,1,0,0,0,0,0,0,0,0,0,0,0,0,0,0,0,0,0,0,0,0,0,0,0,0,0,0,0,0,0,0,0,0,0,0,0,0,-1,-1,0,0,0,0,0,0,0,0,0,0,0,0,0,0,0,0,0,0,0,0,0,0,0,0,0,0,0,0,0,0,0,0,0,0,0,0,0,0,0,0,0,0,0,0,0,0,0,0,0,0,0,0,0,0,0,0,0,0,0,0,0,0,0,0,0,0,0,0,0,0,0,0,0,0,0,0,0,0,0,0,0,0,0,0,0,0,0,0,0,0,0,0,0,0,0,0,0,[0|0],-1,-1,1,1,1,1,1,1,1,1,1,0,0,0,0,0,0,1,1,1,1,1,0,1,1,1,0,0,0,0,0,1,1,1
531000,Protagonist _ torso _ tengu _ no immortal slash -- 主人公_胴_天狗_不死斬りなし,-1,531000,-1,-1,-1,0,0,100,0,900300,-1,-1,-1,1,-0.1,-1,-1,-1,-1,-1,-1,-1,-1,-1,-1,-1,-1,-1,-1,-1,-1,0,0,1,1,0,0,1,1,-1,9130,992,992,0,0,0,999,999,0,0,0,0,0,0,0,0,0,0,0,0,0,0,-1,-1,1,0,2,1,1,0,0,0,[0|0],1,0,1,0,0,0,0,0,0,0,0,0,0,0,0,0,0,0,0,0,0,0,0,0,0,0,0,0,0,0,0,0,0,0,0,0,0,0,0,0,0,0,0,0,0,0,0,0,0,0,0,0,0,0,0,0,0,0,0,0,0,1,1,1,1,1,1,1,146,0,113,0,106,139,139,139,-1,1,0,1,0,0,0,0,0,0,0,0,0,0,0,0,0,0,0,0,0,0,0,0,0,0,0,0,0,0,0,0,0,0,0,0,0,0,0,0,-1,-1,0,0,0,0,0,0,0,0,0,0,0,0,0,0,0,0,0,0,0,0,0,0,0,0,0,0,0,0,0,0,0,0,0,0,0,0,0,0,0,0,0,0,0,0,0,0,0,0,0,0,0,0,0,0,0,0,0,0,0,0,0,0,0,0,0,0,0,0,0,0,0,0,0,0,0,0,0,0,0,0,0,0,0,0,0,0,0,0,0,0,0,0,0,0,0,0,0,[0|0],-1,-1,1,1,1,1,1,1,1,1,1,0,0,0,0,0,0,1,1,1,1,1,0,1,1,1,0,0,0,0,0,1,1,1
502000,Protagonist _ arm _ prosthetic hand _ tengu -- 主人公_腕_義手_天狗,-1,502000,-1,-1,-1,0,0,100,0,5221,5222,5223,-1,1.1,-0.1,-1,-1,-1,-1,-1,-1,-1,-1,-1,-1,-1,-1,-1,-1,-1,-1,0,0,1,1,0,0,1,1,-1,9130,26,26,0,0,0,999,999,0,0,0,0,0,0,0,0,0,0,0,0,0,0,-1,-1,1,0,1,1,2,0,0,0,[0|0],1,0,0,1,0,0,0,0,0,0,0,0,0,0,0,0,0,0,0,0,0,0,0,0,0,0,0,0,0,0,0,0,0,0,0,0,0,0,0,0,0,0,0,0,0,0,0,0,0,0,0,0,0,0,0,0,0,0,0,0,0,1,1,1,1,1,1,1,146,0,113,0,106,139,139,139,-1,1,0,1,0,0,0,0,0,0,0,0,0,0,0,0,0,0,0,0,0,0,0,0,0,0,0,0,0,0,0,0,0,0,0,0,0,0,0,0,-1,-1,0,0,0,0,0,0,0,0,0,0,0,0,0,0,0,0,0,0,0,0,0,0,0,0,0,0,0,0,0,0,0,0,0,0,0,0,0,0,0,0,0,0,0,0,0,0,0,0,0,0,0,0,0,0,0,0,0,0,0,0,0,0,0,0,0,0,0,0,0,0,0,0,0,0,0,0,0,0,0,0,0,0,0,0,0,0,0,0,0,0,0,0,0,0,0,0,0,[0|0],-1,-1,1,1,1,1,1,1,1,1,1,0,0,0,0,0,0,1,1,1,1,1,0,1,1,1,0,0,0,0,0,1,1,1
503000,Protagonist _ legs _ tengu -- 主人公_脚_天狗,-1,503000,-1,-1,-1,0,0,100,0,-1,-1,-1,-1,1.1,-0.1,-1,-1,-1,-1,-1,-1,-1,-1,-1,-1,-1,-1,-1,-1,-1,-1,0,0,1,1,0,0,1,1,-1,9130,752,27,0,0,0,999,999,0,0,0,0,0,0,0,0,0,0,0,0,0,0,-1,-1,1,0,6,1,3,0,0,0,[0|0],1,0,0,0,1,0,0,0,0,0,0,0,0,0,0,0,0,0,0,0,0,0,0,0,0,0,0,0,0,0,0,0,0,0,0,0,0,0,0,0,0,0,0,0,0,0,0,0,0,0,0,0,0,0,0,0,0,0,0,0,0,1,1,1,1,1,1,1,146,0,113,0,106,139,139,139,201,1,0,1,0,0,0,0,0,0,0,0,0,0,0,0,0,0,0,0,0,0,0,0,0,0,0,0,0,0,0,0,0,0,0,0,0,0,0,0,-1,-1,0,0,0,0,0,0,0,0,0,0,0,0,0,0,0,0,0,0,0,0,0,0,0,0,0,0,0,0,0,0,0,0,0,0,0,0,0,0,0,0,0,0,0,0,0,0,0,0,0,0,0,0,0,0,0,0,0,0,0,0,0,0,0,0,0,0,0,0,0,0,0,0,0,0,0,0,0,0,0,0,0,0,0,0,0,0,0,0,0,0,0,0,0,0,0,0,0,[0|0],-1,-1,1,1,1,1,1,1,1,1,1,0,0,0,0,0,0,1,1,1,1,1,0,1,1,1,0,0,0,0,0,1,1,1
600000,Protagonist _ Head _ Ashina Ninja -- 主人公_頭_葦名忍者,-1,100000,-1,-1,-1,0,0,100,0,9280,9480,-1,-1,1.1,-0.1,-1,-1,-1,-1,-1,-1,-1,-1,-1,-1,-1,-1,-1,-1,-1,-1,0,0,1,1,0,0,1,1,-1,220,24,24,0,0,0,999,999,0,0,0,0,0,0,0,0,0,0,0,0,0,0,-1,-1,1,0,3,1,0,0,0,0,[0|0],1,1,0,0,0,1,0,0,0,0,0,0,0,0,0,0,0,0,0,0,0,0,0,0,0,0,0,0,0,0,0,0,0,0,0,0,0,0,0,0,0,0,0,0,0,0,0,0,0,0,0,0,0,0,0,0,0,0,0,0,0,1,1,1,1,1,1,1,146,0,113,0,106,139,139,139,-1,1,0,1,0,0,0,0,0,0,0,0,0,0,0,0,0,0,0,0,0,0,0,0,0,0,0,0,0,0,0,0,0,0,0,0,0,0,0,0,-1,-1,0,0,0,0,0,0,0,0,0,0,0,0,0,0,0,0,0,0,0,0,0,0,0,0,0,0,0,0,0,0,0,0,0,0,0,0,0,0,0,0,0,0,0,0,0,0,0,0,0,0,0,0,0,0,0,0,0,0,0,0,0,0,0,0,0,0,0,0,0,0,0,0,0,0,0,0,0,0,0,0,0,0,0,0,0,0,0,0,0,0,0,0,0,0,0,0,0,[0|0],-1,-1,1,1,1,1,1,1,1,1,1,0,0,0,0,0,0,1,1,1,1,1,0,1,1,1,0,0,0,0,0,1,1,1
641000,Protagonist _ torso _ reed name ninja -- 主人公_胴_葦名忍者,-1,131000,-1,-1,-1,0,0,100,0,900300,-1,-1,-1,1,-0.1,-1,-1,-1,-1,-1,-1,-1,-1,-1,-1,-1,-1,-1,-1,-1,-1,0,0,1,1,0,0,1,1,-1,9120,991,991,0,0,0,999,999,0,0,0,0,0,0,0,0,0,0,0,0,0,0,-1,-1,1,0,2,1,1,0,0,0,[0|0],1,0,1,0,0,0,0,0,0,0,0,0,0,0,0,0,0,0,0,0,0,0,0,0,0,0,0,0,0,0,0,0,0,0,0,0,0,0,0,0,0,0,0,0,0,0,0,0,0,0,0,0,0,0,0,0,0,0,0,0,0,1,1,1,1,1,1,1,146,0,113,0,106,139,139,139,-1,1,0,1,0,0,0,0,0,0,0,0,0,0,0,0,0,0,0,0,0,0,0,0,0,0,0,0,0,0,0,0,0,0,0,0,0,0,0,0,-1,-1,0,0,0,0,0,0,0,0,0,0,0,0,0,0,0,0,0,0,0,0,0,0,0,0,0,0,0,0,0,0,0,0,0,0,0,0,0,0,0,0,0,0,0,0,0,0,0,0,0,0,0,0,0,0,0,0,0,0,0,0,0,0,0,0,0,0,0,0,0,0,0,0,0,0,0,0,0,0,0,0,0,0,0,0,0,0,0,0,0,0,0,0,0,0,0,0,0,[0|0],-1,-1,1,1,1,1,1,1,1,1,1,0,0,0,0,0,0,1,1,1,1,1,0,1,1,1,0,0,0,0,0,1,1,1
602000,Protagonist _ Arm _ Prosthetic Hand _ Ashina Ninja -- 主人公_腕_義手_葦名忍者,-1,102000,-1,-1,-1,0,0,100,0,5221,5222,5223,-1,1.1,-0.1,-1,-1,-1,-1,-1,-1,-1,-1,-1,-1,-1,-1,-1,-1,-1,-1,0,0,1,1,0,0,1,1,-1,9120,26,26,0,0,0,999,999,0,0,0,0,0,0,0,0,0,0,0,0,0,0,-1,-1,1,0,1,1,2,0,0,0,[0|0],1,0,0,1,0,0,0,0,0,0,0,0,0,0,0,0,0,0,0,0,0,0,0,0,0,0,0,0,0,0,0,0,0,0,0,0,0,0,0,0,0,0,0,0,0,0,0,0,0,0,0,0,0,0,0,0,0,0,0,0,0,1,1,1,1,1,1,1,146,0,113,0,106,139,139,139,-1,1,0,1,0,0,0,0,0,0,0,0,0,0,0,0,0,0,0,0,0,0,0,0,0,0,0,0,0,0,0,0,0,0,0,0,0,0,0,0,-1,-1,0,0,0,0,0,0,0,0,0,0,0,0,0,0,0,0,0,0,0,0,0,0,0,0,0,0,0,0,0,0,0,0,0,0,0,0,0,0,0,0,0,0,0,0,0,0,0,0,0,0,0,0,0,0,0,0,0,0,0,0,0,0,0,0,0,0,0,0,0,0,0,0,0,0,0,0,0,0,0,0,0,0,0,0,0,0,0,0,0,0,0,0,0,0,0,0,0,[0|0],-1,-1,1,1,1,1,1,1,1,1,1,0,0,0,0,0,0,1,1,1,1,1,0,1,1,1,0,0,0,0,0,1,1,1
603000,Protagonist _ Legs _ Ashina Ninja -- 主人公_脚_葦名忍者,-1,103000,-1,-1,-1,0,0,100,0,-1,-1,-1,-1,1.1,-0.1,-1,-1,-1,-1,-1,-1,-1,-1,-1,-1,-1,-1,-1,-1,-1,-1,0,0,1,1,0,0,1,1,-1,9120,27,27,0,0,0,999,999,0,0,0,0,0,0,0,0,0,0,0,0,0,0,-1,-1,1,0,6,1,3,0,0,0,[0|0],1,0,0,0,1,0,0,0,0,0,0,0,0,0,0,0,0,0,0,0,0,0,0,0,0,0,0,0,0,0,0,0,0,0,0,0,0,0,0,0,0,0,0,0,0,0,0,0,0,0,0,0,0,0,0,0,0,0,0,0,0,1,1,1,1,1,1,1,146,0,113,0,106,139,139,139,201,1,0,1,0,0,0,0,0,0,0,0,0,0,0,0,0,0,0,0,0,0,0,0,0,0,0,0,0,0,0,0,0,0,0,0,0,0,0,0,-1,-1,0,0,0,0,0,0,0,0,0,0,0,0,0,0,0,0,0,0,0,0,0,0,0,0,0,0,0,0,0,0,0,0,0,0,0,0,0,0,0,0,0,0,0,0,0,0,0,0,0,0,0,0,0,0,0,0,0,0,0,0,0,0,0,0,0,0,0,0,0,0,0,0,0,0,0,0,0,0,0,0,0,0,0,0,0,0,0,0,0,0,0,0,0,0,0,0,0,[0|0],-1,-1,1,1,1,1,1,1,1,1,1,0,0,0,0,0,0,1,1,1,1,1,0,1,1,1,0,0,0,0,0,1,1,1
901000,Always dying _ torso -- 常に瀕死_胴,-1,901000,-1,-1,-1,0,0,100,0,5220,900300,900000,-1,1,-0.1,-1,-1,-1,-1,-1,-1,-1,-1,-1,-1,-1,-1,-1,-1,-1,-1,0,0,1,1,0,0,1,1,-1,9000,25,25,0,0,0,999,999,0,0,0,0,0,0,0,0,0,0,0,0,0,0,-1,-1,1,0,2,1,1,0,0,0,[0|0],1,0,1,0,0,0,0,0,0,0,0,0,0,0,0,0,0,0,0,0,0,0,0,0,0,0,0,0,0,0,0,0,0,0,0,0,0,0,0,0,0,0,0,0,0,0,0,0,0,0,0,0,0,0,0,0,0,0,0,0,0,1,1,1,1,1,1,1,146,0,113,0,106,139,139,139,-1,1,0,1,0,0,0,0,0,0,0,0,0,0,0,0,0,0,0,0,0,0,0,0,0,0,0,0,0,0,0,0,0,0,0,0,0,0,0,0,-1,-1,0,0,0,0,0,0,0,0,0,0,0,0,0,0,0,0,0,0,0,0,0,0,0,0,0,0,0,0,0,0,0,0,0,0,0,0,0,0,0,0,0,0,0,0,0,0,0,0,0,0,0,0,0,0,0,0,0,0,0,0,0,0,0,0,0,0,0,0,0,0,0,0,0,0,0,0,0,0,0,0,0,0,0,0,0,0,0,0,0,0,0,0,0,0,0,0,0,[0|0],-1,-1,1,1,1,1,1,1,1,1,1,0,0,0,0,0,0,1,1,1,1,1,0,1,1,1,0,0,0,0,0,1,1,1
901100,Always Jasuga _ torso -- 常にジャスガ_胴,-1,901100,-1,-1,-1,0,0,100,0,5220,900001,109021,-1,1,-0.1,-1,-1,-1,-1,-1,-1,-1,-1,-1,-1,-1,-1,-1,-1,-1,-1,0,0,1,1,0,0,1,1,-1,9000,25,25,0,0,0,999,999,0,0,0,0,0,0,0,0,0,16,16,23,0,0,-1,-1,1,0,2,1,1,0,0,0,[0|0],1,0,1,0,0,0,0,0,0,0,0,0,0,0,0,0,0,0,0,0,0,0,0,0,0,0,0,0,0,0,0,0,0,0,0,0,0,0,0,0,0,0,0,0,0,0,0,0,0,0,0,0,0,0,0,0,0,0,0,0,0,1,1,1,1,1,1,1,146,0,113,0,106,139,139,139,-1,1,0,1,0,0,0,0,0,0,0,0,0,0,0,0,0,0,0,0,0,0,0,0,0,0,0,0,0,0,0,0,0,0,0,0,0,0,0,0,-1,-1,0,0,0,0,0,0,0,0,0,0,0,0,0,0,0,0,0,0,0,0,0,0,0,0,0,0,0,0,0,0,0,0,0,0,0,0,0,0,0,0,0,0,0,0,0,0,0,0,0,0,0,0,0,0,0,0,0,0,0,0,0,0,0,0,0,0,0,0,0,0,0,0,0,0,0,0,0,0,0,0,0,0,0,0,0,0,0,0,0,0,0,0,0,0,0,0,0,[0|0],-1,-1,1,1,1,1,1,1,1,1,1,0,0,0,0,0,0,1,1,1,1,1,0,1,1,1,0,0,0,0,0,1,1,1
901200,Underwater cross confirmation _ torso -- 水中クロス確認_胴,-1,901200,-1,-1,-1,0,0,100,0,900300,-1,-1,-1,1,-0.1,-1,-1,-1,-1,-1,-1,-1,-1,-1,-1,-1,-1,-1,-1,-1,-1,0,0,1,1,0,0,1,1,-1,9530,25,25,0,0,0,999,999,0,0,0,0,0,0,0,0,0,16,16,23,0,0,-1,-1,1,0,2,1,1,0,0,0,[0|0],1,0,1,0,0,0,0,0,0,0,0,0,0,0,0,0,0,0,0,0,0,0,0,0,0,0,0,0,0,0,0,0,0,0,0,0,0,0,0,0,0,0,0,0,0,0,0,0,0,0,0,0,0,0,0,0,0,0,0,0,0,1,1,1,1,1,1,1,146,0,113,0,106,139,139,139,-1,1,0,1,0,0,0,0,0,0,0,0,0,0,0,0,0,0,0,0,0,0,0,0,0,0,0,0,0,0,0,0,0,0,0,0,0,0,0,0,-1,-1,0,0,0,0,0,0,0,0,0,0,0,0,0,0,0,0,0,0,0,0,0,0,0,0,0,0,0,0,0,0,0,0,0,0,0,0,0,0,0,0,0,0,0,0,0,0,0,0,0,0,0,0,0,0,0,0,0,0,0,0,0,0,0,0,0,0,0,0,0,0,0,0,0,0,0,0,0,0,0,0,0,0,0,0,0,0,0,0,0,0,0,0,0,0,0,0,0,[0|0],-1,-1,1,1,1,1,1,1,1,1,1,0,0,0,0,0,0,1,1,1,1,1,0,1,1,1,0,0,0,0,0,1,1,1
901300,8 HP_ torso -- HP8個_胴,-1,901300,-1,-1,-1,0,0,100,0,900300,109334,-1,-1,1,-0.1,-1,-1,-1,-1,-1,-1,-1,-1,-1,-1,-1,-1,-1,-1,-1,-1,0,0,1,1,0,0,1,1,-1,9000,25,25,0,0,0,999,999,0,0,0,0,0,0,0,0,0,0,0,0,0,0,-1,-1,1,0,2,1,1,0,0,0,[0|0],1,0,1,0,0,0,0,0,0,0,0,0,0,0,0,0,0,0,0,0,0,0,0,0,0,0,0,0,0,0,0,0,0,0,0,0,0,0,0,0,0,0,0,0,0,0,0,0,0,0,0,0,0,0,0,0,0,0,0,0,0,1,1,1,1,1,1,1,146,0,113,0,106,139,139,139,-1,1,0,1,0,0,0,0,0,0,0,0,0,0,0,0,0,0,0,0,0,0,0,0,0,0,0,0,0,0,0,0,0,0,0,0,0,0,0,0,-1,-1,0,0,0,0,0,0,0,0,0,0,0,0,0,0,0,0,0,0,0,0,0,0,0,0,0,0,0,0,0,0,0,0,0,0,0,0,0,0,0,0,0,0,0,0,0,0,0,0,0,0,0,0,0,0,0,0,0,0,0,0,0,0,0,0,0,0,0,0,0,0,0,0,0,0,0,0,0,0,0,0,0,0,0,0,0,0,0,0,0,0,0,0,0,0,0,0,0,[0|0],-1,-1,1,1,1,1,1,1,1,1,1,0,0,0,0,0,0,1,1,1,1,1,0,1,1,1,0,0,0,0,0,1,1,1
